,Show,NAME,LAT,LONG,COUNTRY,geometry
0,no,Gwanda,28.99184004,-20.94363999,Zimbabwe,POINT (28.99184004 -20.94363999)
1,no,Banket,30.40392996,-17.39223,Zimbabwe,POINT (30.40392996 -17.39223)
2,yes,Beitbridge,29.99144988,-22.21398,Zimbabwe,POINT (29.99144988 -22.21398)
3,no,Chakari,29.84645988,-18.06991002,Zimbabwe,POINT (29.84645988 -18.06991002)
4,no,Chimanimani,32.88225996,-19.80504999,Zimbabwe,POINT (32.88225996 -19.80504999)
5,yes,Chiredzi,31.73942988,-21.09915999,Zimbabwe,POINT (31.73942988 -21.09915999)
6,yes,Chivhu,30.89688012,-19.02461004,Zimbabwe,POINT (30.89688012 -19.02461004)
7,no,Eiffel Flats,29.97596016,-18.31586004,Zimbabwe,POINT (29.97596016 -18.31586004)
8,no,Golden Valley,29.78746992,-18.22422996,Zimbabwe,POINT (29.78746992 -18.22422996)
9,yes,Hwange,26.5527,-18.34855002,Zimbabwe,POINT (26.5527 -18.34855002)
10,no,Kamativi,27.05842008,-18.32585004,Zimbabwe,POINT (27.05842008 -18.32585004)
11,no,Kariba,28.80015012,-16.52973003,Zimbabwe,POINT (28.80015012 -16.52973003)
12,yes,Macheke,31.85130996,-18.14945004,Zimbabwe,POINT (31.85130996 -18.14945004)
13,no,Madziwa,31.60316988,-17.11636002,Zimbabwe,POINT (31.60316988 -17.11636002)
14,no,Mhangura,30.16722996,-16.88915997,Zimbabwe,POINT (30.16722996 -16.88915997)
15,no,Mutoko,32.22110988,-17.40560004,Zimbabwe,POINT (32.22110988 -17.40560004)
16,yes,Mvuma,30.53211012,-19.28781999,Zimbabwe,POINT (30.53211012 -19.28781999)
17,no,Mvurwi,30.86046,-17.02775997,Zimbabwe,POINT (30.86046 -17.02775997)
18,yes,Nyamapanda,32.85529992,-16.9641,Zimbabwe,POINT (32.85529992 -16.9641)
19,no,Nyanga,32.71699008,-18.29421999,Zimbabwe,POINT (32.71699008 -18.29421999)
20,no,Redcliff,29.77224984,-19.02335004,Zimbabwe,POINT (29.77224984 -19.02335004)
21,no,Rusape,32.12331984,-18.53358003,Zimbabwe,POINT (32.12331984 -18.53358003)
22,no,Shurugwi,30.00371004,-19.66489002,Zimbabwe,POINT (30.00371004 -19.66489002)
23,yes,Victoria Falls,25.83753012,-17.93508003,Zimbabwe,POINT (25.83753012 -17.93508003)
24,no,Nyanga,32.71699008,-18.29421999,Zimbabwe,POINT (32.71699008 -18.29421999)
25,no,Alaska,30.05120988,-17.38010997,Zimbabwe,POINT (30.05120988 -17.38010997)
26,no,Angus Ranch,31.95696996,-20.42332002,Zimbabwe,POINT (31.95696996 -20.42332002)
27,no,Antenior,29.06678016,-20.99583,Zimbabwe,POINT (29.06678016 -20.99583)
28,no,Arcturus,31.33441008,-17.79291,Zimbabwe,POINT (31.33441008 -17.79291)
29,no,Bannockburn,29.88021996,-20.28610998,Zimbabwe,POINT (29.88021996 -20.28610998)
30,no,Baruru,32.07679992,-19.70247996,Zimbabwe,POINT (32.07679992 -19.70247996)
31,no,Battlefields,29.82035016,-18.60766002,Zimbabwe,POINT (29.82035016 -18.60766002)
32,no,Beatrice,30.85407,-18.26890002,Zimbabwe,POINT (30.85407 -18.26890002)
33,no,Bembezi,28.92979008,-19.99189998,Zimbabwe,POINT (28.92979008 -19.99189998)
34,no,Bikita,31.61521008,-20.09573001,Zimbabwe,POINT (31.61521008 -20.09573001)
35,no,Binga,27.31861008,-17.64511002,Zimbabwe,POINT (27.31861008 -17.64511002)
36,no,Birchenough Bridge,32.31570996,-19.96381998,Zimbabwe,POINT (32.31570996 -19.96381998)
37,no,Bonzo,32.62569984,-18.65120004,Zimbabwe,POINT (32.62569984 -18.65120004)
38,no,Bromley,31.34472984,-18.08242002,Zimbabwe,POINT (31.34472984 -18.08242002)
39,no,Buffalo Range,31.51289988,-21.02897997,Zimbabwe,POINT (31.51289988 -21.02897997)
40,no,Buhera,31.4127,-19.32333003,Zimbabwe,POINT (31.4127 -19.32333003)
41,no,Bumi Hills,28.33320996,-16.80272001,Zimbabwe,POINT (28.33320996 -16.80272001)
42,no,Bushy Park,30.38978988,-19.01823003,Zimbabwe,POINT (30.38978988 -19.01823003)
43,no,Cashel,32.78934,-19.54500003,Zimbabwe,POINT (32.78934 -19.54500003)
44,no,Centenary,31.15014012,-16.68272004,Zimbabwe,POINT (31.15014012 -16.68272004)
45,no,Chamnanga,30.03318,-22.16285001,Zimbabwe,POINT (30.03318 -22.16285001)
46,no,Chapanga,29.05692984,-15.96249,Zimbabwe,POINT (29.05692984 -15.96249)
47,no,Chatsworth,30.83601996,-19.63188,Zimbabwe,POINT (30.83601996 -19.63188)
48,no,Chibuwe,32.30170992,-20.43684999,Zimbabwe,POINT (32.30170992 -20.43684999)
49,no,Chidamoyo,29.18581992,-17.14852998,Zimbabwe,POINT (29.18581992 -17.14852998)
50,no,Chikombedzi,31.34215008,-21.68349003,Zimbabwe,POINT (31.34215008 -21.68349003)
51,no,Chikwenya,29.53041984,-15.69412998,Zimbabwe,POINT (29.53041984 -15.69412998)
52,no,Chikwizo,32.80986,-17.19080001,Zimbabwe,POINT (32.80986 -17.19080001)
53,no,Chimimba,31.56927012,-16.64576001,Zimbabwe,POINT (31.56927012 -16.64576001)
54,no,Chipinge,32.62043016,-20.20137003,Zimbabwe,POINT (32.62043016 -20.20137003)
55,no,Chipise,30.91642992,-22.20182001,Zimbabwe,POINT (30.91642992 -22.20182001)
56,yes,Chirundu,28.86091992,-16.04726001,Zimbabwe,POINT (28.86091992 -16.04726001)
57,yes,Chisumbanje,32.21916012,-20.80266003,Zimbabwe,POINT (32.21916012 -20.80266003)
58,no,Chitofa,30.54832992,-20.59551,Zimbabwe,POINT (30.54832992 -20.59551)
59,no,Chitongo,29.63378988,-17.05517001,Zimbabwe,POINT (29.63378988 -17.05517001)
60,no,Chitsa,31.53738996,-19.51619004,Zimbabwe,POINT (31.53738996 -19.51619004)
61,no,Chitsungo,32.06445984,-16.94602998,Zimbabwe,POINT (32.06445984 -16.94602998)
62,no,Colleen Bawn,29.21285988,-20.99871999,Zimbabwe,POINT (29.21285988 -20.99871999)
63,no,Concession,30.95057988,-17.37588996,Zimbabwe,POINT (30.95057988 -17.37588996)
64,no,Connemara,29.80442016,-19.19066004,Zimbabwe,POINT (29.80442016 -19.19066004)
65,no,Craigmore,32.47809012,-20.43444996,Zimbabwe,POINT (32.47809012 -20.43444996)
66,no,Dagamella,28.66093992,-18.80722998,Zimbabwe,POINT (28.66093992 -18.80722998)
67,no,Dandawa,28.78692012,-16.82600004,Zimbabwe,POINT (28.78692012 -16.82600004)
68,no,Darwendale,30.55181004,-17.71327998,Zimbabwe,POINT (30.55181004 -17.71327998)
69,no,Delano Estate,29.40900012,-18.95617998,Zimbabwe,POINT (29.40900012 -18.95617998)
70,no,Dendera,32.72466996,-16.93968003,Zimbabwe,POINT (32.72466996 -16.93968003)
71,no,Dete,26.95871988,-18.71829999,Zimbabwe,POINT (26.95871988 -18.71829999)
72,no,Devuli Ranch,32.08951008,-20.13959997,Zimbabwe,POINT (32.08951008 -20.13959997)
73,no,Domboshawa,31.1481,-17.61950997,Zimbabwe,POINT (31.1481 -17.61950997)
74,no,Dorowa,31.82276016,-19.10723004,Zimbabwe,POINT (31.82276016 -19.10723004)
75,no,Dover,30.87006012,-18.59094999,Zimbabwe,POINT (30.87006012 -18.59094999)
76,no,Duchess Hill,30.19997016,-18.28594998,Zimbabwe,POINT (30.19997016 -18.28594998)
77,no,Eastnor,28.55575008,-19.49481999,Zimbabwe,POINT (28.55575008 -19.49481999)
78,no,Eldorado,30.25568988,-17.34003999,Zimbabwe,POINT (30.25568988 -17.34003999)
79,no,Elim,32.78207016,-17.61276996,Zimbabwe,POINT (32.78207016 -17.61276996)
80,no,Esigodini,28.93687992,-20.29616001,Zimbabwe,POINT (28.93687992 -20.29616001)
81,no,Fairfield,30.57208992,-19.37638998,Zimbabwe,POINT (30.57208992 -19.37638998)
82,no,Fatima,27.40700016,-18.73931004,Zimbabwe,POINT (27.40700016 -18.73931004)
83,no,Featherstone,30.83379012,-18.71883,Zimbabwe,POINT (30.83379012 -18.71883)
84,no,Felixburg,30.89093004,-19.44534996,Zimbabwe,POINT (30.89093004 -19.44534996)
85,no,Figtree,28.31707008,-20.37599001,Zimbabwe,POINT (28.31707008 -20.37599001)
86,no,Filabusi,29.28407004,-20.53512,Zimbabwe,POINT (29.28407004 -20.53512)
87,no,Fort Rixon,29.24097984,-20.02965003,Zimbabwe,POINT (29.24097984 -20.02965003)
88,no,Fort Usher,28.58655996,-20.42061003,Zimbabwe,POINT (28.58655996 -20.42061003)
89,no,Fulechi,29.09620008,-17.14280004,Zimbabwe,POINT (29.09620008 -17.14280004)
90,no,Gadzema,30.15011016,-18.04236003,Zimbabwe,POINT (30.15011016 -18.04236003)
91,no,Gambisa,29.60200008,-18.12836997,Zimbabwe,POINT (29.60200008 -18.12836997)
92,no,Gaths Mine,30.52635984,-20.01156003,Zimbabwe,POINT (30.52635984 -20.01156003)
93,no,Gawa,27.73186992,-19.50123996,Zimbabwe,POINT (27.73186992 -19.50123996)
94,no,Glencova,31.40952984,-19.96885998,Zimbabwe,POINT (31.40952984 -19.96885998)
95,no,Glendale,31.06666008,-17.35423002,Zimbabwe,POINT (31.06666008 -17.35423002)
96,no,Glendevon,31.62120984,-20.70396,Zimbabwe,POINT (31.62120984 -20.70396)
97,no,Glenlivet,31.09705992,-20.15822997,Zimbabwe,POINT (31.09705992 -20.15822997)
98,no,Glenluce,30.71495988,-17.99279001,Zimbabwe,POINT (30.71495988 -17.99279001)
99,no,Gokomere,30.76567992,-19.95183999,Zimbabwe,POINT (30.76567992 -19.95183999)
100,no,Gokwe,28.92539016,-18.21375999,Zimbabwe,POINT (28.92539016 -18.21375999)
101,no,Gorodema,28.90887012,-17.86210002,Zimbabwe,POINT (28.90887012 -17.86210002)
102,no,Goromonzi,31.37954004,-17.86251996,Zimbabwe,POINT (31.37954004 -17.86251996)
103,no,Grants Siding,27.94887,-19.52613999,Zimbabwe,POINT (27.94887 -19.52613999)
104,no,Gresham,30.57645996,-17.54162001,Zimbabwe,POINT (30.57645996 -17.54162001)
105,no,Greystone,29.49707988,-20.12783004,Zimbabwe,POINT (29.49707988 -20.12783004)
106,no,Guinea Fowl,29.93172012,-19.52861004,Zimbabwe,POINT (29.93172012 -19.52861004)
107,no,Guruwe,30.70113012,-16.66164996,Zimbabwe,POINT (30.70113012 -16.66164996)
108,no,Gutu,31.15149984,-19.64138004,Zimbabwe,POINT (31.15149984 -19.64138004)
109,no,Gwai,27.65391012,-19.28968002,Zimbabwe,POINT (27.65391012 -19.28968002)
110,no,Gwayi River,27.18380016,-18.61657002,Zimbabwe,POINT (27.18380016 -18.61657002)
111,no,Gwelutshena,28.69453008,-18.66547998,Zimbabwe,POINT (28.69453008 -18.66547998)
112,no,Headlands,32.05796004,-18.27621999,Zimbabwe,POINT (32.05796004 -18.27621999)
113,no,Heany Junction,28.78787016,-20.08663002,Zimbabwe,POINT (28.78787016 -20.08663002)
114,no,Hippo Valley,31.55407992,-21.16387998,Zimbabwe,POINT (31.55407992 -21.16387998)
115,no,Hot Springs,32.472,-19.64698002,Zimbabwe,POINT (32.47199999999999 -19.64698002)
116,no,Hunters Road,29.79357012,-19.14956001,Zimbabwe,POINT (29.79357012 -19.14956001)
117,no,Hunyani,30.54897,-16.00657002,Zimbabwe,POINT (30.54897 -16.00657002)
118,no,Hwali,29.19467988,-21.70962,Zimbabwe,POINT (29.19467988 -21.70962)
119,no,Hwedza,31.56334992,-18.61427997,Zimbabwe,POINT (31.56334992 -18.61427997)
120,no,Igava,31.62278988,-18.46151001,Zimbabwe,POINT (31.62278988 -18.46151001)
121,no,Ingwe,27.38882016,-19.04199003,Zimbabwe,POINT (27.38882016 -19.04199003)
122,no,Inkomo,30.72570984,-17.65037997,Zimbabwe,POINT (30.72570984 -17.65037997)
123,no,Insiza,29.19146004,-19.78179003,Zimbabwe,POINT (29.19146004 -19.78179003)
124,no,Insukamini,29.59196004,-19.38213,Zimbabwe,POINT (29.59196004 -19.38213)
125,no,Inyati,28.83049992,-19.67934996,Zimbabwe,POINT (28.83049992 -19.67934996)
126,no,Irene,32.58073008,-18.93516003,Zimbabwe,POINT (32.58073008 -18.93516003)
127,no,Jerera,31.45623012,-20.40723999,Zimbabwe,POINT (31.45623012 -20.40723999)
128,no,Jombe,29.47887,-18.80696997,Zimbabwe,POINT (29.47887 -18.80696997)
129,no,Juliasdale,32.66580996,-18.38259999,Zimbabwe,POINT (32.66580996 -18.38259999)
130,no,Junction Gate,32.77126008,-20.16570996,Zimbabwe,POINT (32.77126008 -20.16570996)
131,no,Juru,31.46853996,-17.68905,Zimbabwe,POINT (31.46853996 -17.68905)
132,no,Kana,28.50761016,-18.55520001,Zimbabwe,POINT (28.50761016 -18.55520001)
133,no,Kanyemba,30.38621004,-15.65282997,Zimbabwe,POINT (30.38621004 -15.65282997)
134,no,Karanda,31.84371,-16.63984998,Zimbabwe,POINT (31.84371 -16.63984998)
135,no,Kariyangwe,27.53753004,-17.98363998,Zimbabwe,POINT (27.53753004 -17.98363998)
136,no,Karoi,29.66491008,-16.79943996,Zimbabwe,POINT (29.66491008 -16.79943996)
137,no,Karoi,31.57800984,-16.56710001,Zimbabwe,POINT (31.57800984 -16.56710001)
138,no,Kenilworth Estates,28.95597,-19.44048996,Zimbabwe,POINT (28.95597 -19.44048996)
139,no,Kenmaur,28.00605996,-19.13859999,Zimbabwe,POINT (28.00605996 -19.13859999)
140,no,Kennedy,27.16467984,-18.86763996,Zimbabwe,POINT (27.16467984 -18.86763996)
141,no,Kezi,28.46919996,-20.92164003,Zimbabwe,POINT (28.46919996 -20.92164003)
142,no,Khami,28.49352984,-20.23418997,Zimbabwe,POINT (28.49352984 -20.23418997)
143,no,Kildonan,30.60966996,-17.34555996,Zimbabwe,POINT (30.60966996 -17.34555996)
144,yes,Kotwa,32.67510012,-16.99853004,Zimbabwe,POINT (32.67510012 -16.99853004)
145,no,Lalapansi,30.17975004,-19.32810003,Zimbabwe,POINT (30.17975004 -19.32810003)
146,no,Lancaster,29.27901996,-20.18538999,Zimbabwe,POINT (29.27901996 -20.18538999)
147,no,Legion Mine,28.53650016,-21.42989001,Zimbabwe,POINT (28.53650016 -21.42989001)
148,no,Lions Den,30.02145012,-17.26004997,Zimbabwe,POINT (30.02145012 -17.26004997)
149,no,Lochard,29.02286988,-19.91880999,Zimbabwe,POINT (29.02286988 -19.91880999)
150,no,Lubimbi,27.27681984,-18.49209003,Zimbabwe,POINT (27.27681984 -18.49209003)
151,no,Luck,30.71323008,-19.22373,Zimbabwe,POINT (30.71323008 -19.22373)
152,no,Lukosi,26.49501,-18.49143996,Zimbabwe,POINT (26.49501 -18.49143996)
153,no,Lupane,27.76866012,-18.94885002,Zimbabwe,POINT (27.76866012 -18.94885002)
154,no,Lusulu,27.83527992,-18.07502004,Zimbabwe,POINT (27.83527992 -18.07502004)
155,no,Lutombe,30.12372,-22.14222003,Zimbabwe,POINT (30.12372 -22.14222003)
156,no,Mabalauta,31.48005996,-21.92678001,Zimbabwe,POINT (31.48005996 -21.92678001)
157,no,Mabuze,29.44145016,-20.93120001,Zimbabwe,POINT (29.44145016 -20.93120001)
158,no,Mabvuku,31.18722984,-17.83673001,Zimbabwe,POINT (31.18722984 -17.83673001)
159,yes,Machipanda,32.70814992,-19.01061,Zimbabwe,POINT (32.70814992 -19.01061)
160,no,Madadzi,29.76103008,-16.89870996,Zimbabwe,POINT (29.76103008 -16.89870996)
161,no,Madzivazido,28.50774012,-17.63666001,Zimbabwe,POINT (28.50774012 -17.63666001)
162,no,Magunge,29.39509008,-16.85637999,Zimbabwe,POINT (29.39509008 -16.85637999)
163,no,Main Camp,26.95136004,-18.73424997,Zimbabwe,POINT (26.95136004 -18.73424997)
164,no,Makado,29.72049012,-21.45065004,Zimbabwe,POINT (29.72049012 -21.45065004)
165,no,Makaha,32.39772984,-17.36170002,Zimbabwe,POINT (32.39772984 -17.36170002)
166,no,Makosa Township,32.48199,-17.27754003,Zimbabwe,POINT (32.48199 -17.27754003)
167,no,Makumbi,31.24760004,-17.52999003,Zimbabwe,POINT (31.24760004 -17.52999003)
168,no,Makuti,29.25951012,-16.31345004,Zimbabwe,POINT (29.25951012 -16.31345004)
169,no,Makwiro,30.42752004,-17.96056002,Zimbabwe,POINT (30.42752004 -17.96056002)
170,no,Malapati,31.44592008,-22.05081,Zimbabwe,POINT (31.44592008 -22.05081)
171,no,Malimasindi,28.21289004,-18.29271996,Zimbabwe,POINT (28.21289004 -18.29271996)
172,no,Mandamambge,30.42915984,-20.08611,Zimbabwe,POINT (30.42915984 -20.08611)
173,no,Mangwendi,31.36295988,-18.37347003,Zimbabwe,POINT (31.36295988 -18.37347003)
174,no,Manjolo,27.42783984,-17.69856003,Zimbabwe,POINT (27.42783984 -17.69856003)
175,no,Mantlavina,30.89144016,-18.45930996,Zimbabwe,POINT (30.89144016 -18.45930996)
176,no,Manyati,29.93308992,-16.50258999,Zimbabwe,POINT (29.93308992 -16.50258999)
177,no,Maphisa,28.44795996,-21.04203996,Zimbabwe,POINT (28.44795996 -21.04203996)
178,no,Maramani,29.36383992,-22.01394996,Zimbabwe,POINT (29.36383992 -22.01394996)
179,yes,Marongora,29.15614008,-16.23771999,Zimbabwe,POINT (29.15614008 -16.23771999)
180,no,Marula,28.08460008,-20.47788999,Zimbabwe,POINT (28.08460008 -20.47788999)
181,no,Maryland Junction,30.49885008,-17.64386001,Zimbabwe,POINT (30.49885008 -17.64386001)
182,no,Mashaba,30.49584012,-20.05034004,Zimbabwe,POINT (30.49584012 -20.05034004)
183,no,Mashachuta,29.34987984,-21.84419997,Zimbabwe,POINT (29.34987984 -21.84419997)
184,no,Masole,29.42457012,-21.85433001,Zimbabwe,POINT (29.42457012 -21.85433001)
185,no,Matanda,32.40005004,-19.25875998,Zimbabwe,POINT (32.40005004 -19.25875998)
186,no,Matetsi,25.95287016,-18.27822996,Zimbabwe,POINT (25.95287016 -18.27822996)
187,no,Matibis,31.31808984,-21.68353998,Zimbabwe,POINT (31.31808984 -21.68353998)
188,no,Matione,31.89232008,-17.34399,Zimbabwe,POINT (31.89232008 -17.34399)
189,no,Matobo,28.47819996,-20.42331003,Zimbabwe,POINT (28.47819996 -20.42331003)
190,no,Matymount,32.40348012,-16.69249998,Zimbabwe,POINT (32.40348012 -16.69249998)
191,no,Mavis,29.33075988,-18.48195,Zimbabwe,POINT (29.33075988 -18.48195)
192,no,Mayo,32.26548996,-17.88012,Zimbabwe,POINT (32.26548996 -17.88012)
193,no,Mazoe,30.97353996,-17.50754997,Zimbabwe,POINT (30.97353996 -17.50754997)
194,no,Mazunga,29.87129988,-21.73653,Zimbabwe,POINT (29.87129988 -21.73653)
195,no,Mbalabala,29.04026004,-20.44662003,Zimbabwe,POINT (29.04026004 -20.44662003)
196,no,Mberengwa,29.90539008,-20.46596004,Zimbabwe,POINT (29.90539008 -20.46596004)
197,no,Mbizi,31.00955004,-21.38901003,Zimbabwe,POINT (31.00955004 -21.38901003)
198,no,Melfort,31.30074,-17.97579999,Zimbabwe,POINT (31.30074 -17.97579999)
199,no,Mlibizi,27.08436996,-17.95356999,Zimbabwe,POINT (27.08436996 -17.95356999)
200,no,Monoti Store,28.58591016,-17.77137003,Zimbabwe,POINT (28.58591016 -17.77137003)
201,no,Mount Darwin,31.57599996,-16.77372003,Zimbabwe,POINT (31.57599996 -16.77372003)
202,no,Mount Hampden Junction,30.93108984,-17.7318,Zimbabwe,POINT (30.93108984 -17.7318)
203,no,Mphoengs,27.86508,-21.20789997,Zimbabwe,POINT (27.86508 -21.20789997)
204,no,Mpinga,30.56883012,-17.51261004,Zimbabwe,POINT (30.56883012 -17.51261004)
205,no,Msango,29.76382008,-17.40616002,Zimbabwe,POINT (29.76382008 -17.40616002)
206,no,Msonedi,30.88725012,-17.14272003,Zimbabwe,POINT (30.88725012 -17.14272003)
207,no,Msuna,26.81265996,-18.03626001,Zimbabwe,POINT (26.81265996 -18.03626001)
208,no,Mubayira,30.58539012,-18.31823001,Zimbabwe,POINT (30.58539012 -18.31823001)
209,no,Mubiya,25.78541004,-18.10911996,Zimbabwe,POINT (25.78541004 -18.10911996)
210,no,Mujere,27.92835,-17.09330004,Zimbabwe,POINT (27.92835 -17.09330004)
211,no,Mukani,32.28558984,-18.54261,Zimbabwe,POINT (32.28558984 -18.54261)
212,no,Mukosa,32.63230008,-16.65590004,Zimbabwe,POINT (32.63230008 -16.65590004)
213,no,Mukumbura,31.69162008,-16.21540998,Zimbabwe,POINT (31.69162008 -16.21540998)
214,no,Mukwa,27.23061996,-18.91530999,Zimbabwe,POINT (27.23061996 -18.91530999)
215,no,Murambinda,31.62408984,-19.30852998,Zimbabwe,POINT (31.62408984 -19.30852998)
216,no,Murehwa,31.76978004,-17.63687997,Zimbabwe,POINT (31.76978004 -17.63687997)
217,no,Mushumbi Pools,30.54359988,-16.17095997,Zimbabwe,POINT (30.54359988 -16.17095997)
218,no,Mutambara,32.67758988,-19.52695998,Zimbabwe,POINT (32.67758988 -19.52695998)
219,no,Mutasa,32.64643008,-18.54821997,Zimbabwe,POINT (32.64643007999999 -18.54821997)
220,no,Mutawatawa,31.88342016,-17.18559,Zimbabwe,POINT (31.88342016 -17.18559)
221,no,Mutepatepa,31.22102988,-16.94761002,Zimbabwe,POINT (31.22102988 -16.94761002)
222,no,Mutorashanga,30.67416,-17.14973004,Zimbabwe,POINT (30.67416 -17.14973004)
223,no,Muzarabani,31.06110996,-16.32069999,Zimbabwe,POINT (31.06110996 -16.32069999)
224,no,Mwanezi,29.69997984,-20.75786001,Zimbabwe,POINT (29.69997984 -20.75786001)
225,no,Mwenezi,30.72432996,-21.42477,Zimbabwe,POINT (30.72432996 -21.42477)
226,no,Nandi,31.82060016,-21.06785997,Zimbabwe,POINT (31.82060016 -21.06785997)
227,no,Narira,31.14591012,-19.07172999,Zimbabwe,POINT (31.14591012 -19.07172999)
228,no,Ndadza,30.83550984,-20.18493999,Zimbabwe,POINT (30.83550984 -20.18493999)
229,no,Ndanga,31.34016,-20.1888,Zimbabwe,POINT (31.34016 -20.1888)
230,no,Ngamo,27.45421992,-19.10100996,Zimbabwe,POINT (27.45421992 -19.10100996)
231,no,Ngezi,30.39746004,-20.58849,Zimbabwe,POINT (30.39746004 -20.58849)
232,no,Ngomahuru,30.70352988,-20.41158996,Zimbabwe,POINT (30.70352988 -20.41158996)
233,no,Ngundu Halt,30.79383012,-20.80706004,Zimbabwe,POINT (30.79383012 -20.80706004)
234,no,Ngwena,29.83628988,-18.54793998,Zimbabwe,POINT (29.83628988 -18.54793998)
235,no,Ningombeneshango,27.16278984,-19.55727999,Zimbabwe,POINT (27.16278984 -19.55727999)
236,no,Njelele,29.17703988,-18.25099002,Zimbabwe,POINT (29.17703988 -18.25099002)
237,no,Nkayi,28.89353016,-19.01138004,Zimbabwe,POINT (28.89353016 -19.01138004)
238,no,Norton,30.70721988,-17.88469002,Zimbabwe,POINT (30.70721988 -17.88469002)
239,no,Nyadiri,32.00928012,-17.41543002,Zimbabwe,POINT (32.00928012 -17.41543002)
240,no,Nyadzi,27.06752988,-19.51308,Zimbabwe,POINT (27.06752988 -19.51308)
241,no,Nyakatsapa,32.62437,-18.70197003,Zimbabwe,POINT (32.62437 -18.70197003)
242,no,Nyala,31.62534012,-21.94763004,Zimbabwe,POINT (31.62534012 -21.94763004)
243,no,Nyamandhlovu,28.27267992,-19.86876999,Zimbabwe,POINT (28.27267992 -19.86876999)
244,no,Nyamazizi,31.76179992,-16.61364,Zimbabwe,POINT (31.76179992 -16.61364)
245,no,Nyanga,32.71979988,-18.09845001,Zimbabwe,POINT (32.71979988 -18.09845001)
246,no,Nyangura,31.79423016,-17.45096004,Zimbabwe,POINT (31.79423016 -17.45096004)
247,no,Nyanyadzi,32.41958004,-19.76580999,Zimbabwe,POINT (32.41958004 -19.76580999)
248,yes,Nyazura,32.16701016,-18.71362998,Zimbabwe,POINT (32.16701016 -18.71362998)
249,no,Nyika,31.59708012,-19.99656,Zimbabwe,POINT (31.59708012 -19.99656)
250,no,Nzimbo,31.04655984,-17.08369002,Zimbabwe,POINT (31.04655984 -17.08369002)
251,no,Olivia,31.93084008,-18.38639997,Zimbabwe,POINT (31.93084008 -18.38639997)
252,no,Pambuka,29.68395984,-20.44359,Zimbabwe,POINT (29.68395984 -20.44359)
253,no,Pandamatenga,25.67329992,-18.53619003,Zimbabwe,POINT (25.67329992 -18.53619003)
254,no,Pelendaba,26.92558008,-19.53531999,Zimbabwe,POINT (26.92558008 -19.53531999)
255,no,Penhalonga,32.67582984,-18.88813998,Zimbabwe,POINT (32.67582984 -18.88813998)
256,yes,Plumtree,27.81222012,-20.49489,Zimbabwe,POINT (27.81222012 -20.49489)
257,no,Queens Mine,28.75291992,-19.80746001,Zimbabwe,POINT (28.75291992 -19.80746001)
258,no,Regina Coeli,32.85068004,-17.75226996,Zimbabwe,POINT (32.85068004 -17.75226996)
259,no,Renco,31.16166012,-20.64972996,Zimbabwe,POINT (31.16166012 -20.64972996)
260,no,Riversdale,30.95161992,-18.69716997,Zimbabwe,POINT (30.95161992 -18.69716997)
261,no,Runde,30.77893008,-20.90189997,Zimbabwe,POINT (30.77893008 -20.90189997)
262,no,Rupisi,32.39303004,-20.37584997,Zimbabwe,POINT (32.39303004 -20.37584997)
263,no,Rusambo,32.17273992,-16.67660004,Zimbabwe,POINT (32.17273992 -16.67660004)
264,no,Rushinga,32.03323992,-16.62411996,Zimbabwe,POINT (32.03323992 -16.62411996)
265,yes,Rutenga,30.73574988,-21.25131003,Zimbabwe,POINT (30.73574988 -21.25131003)
266,no,Ruwa,31.22165016,-17.88251004,Zimbabwe,POINT (31.22165016 -17.88251004)
267,no,Sable Flat,30.56896008,-18.92827998,Zimbabwe,POINT (30.56896008 -18.92827998)
268,no,Sadza,31.27597992,-18.89624997,Zimbabwe,POINT (31.27597992 -18.89624997)
269,no,Sanyati,29.38236984,-17.94134997,Zimbabwe,POINT (29.38236984 -17.94134997)
270,no,Sanyatwe,32.59181016,-18.36894996,Zimbabwe,POINT (32.59181015999999 -18.36894996)
271,no,Seboza,29.12545008,-21.66749001,Zimbabwe,POINT (29.12545008 -21.66749001)
272,no,Selous,30.44990016,-18.07216002,Zimbabwe,POINT (30.44990016 -18.07216002)
273,no,Sengwe,31.11869016,-22.26714003,Zimbabwe,POINT (31.11869016 -22.26714003)
274,no,Shamva,31.54977,-17.31786003,Zimbabwe,POINT (31.54977 -17.31786003)
275,no,Shangani,29.36743992,-19.78053003,Zimbabwe,POINT (29.36743992 -19.78053003)
276,no,Sherwood,29.78268012,-18.75401001,Zimbabwe,POINT (29.78268012 -18.75401001)
277,no,Siabuwa,28.05311988,-17.46839997,Zimbabwe,POINT (28.05311988 -17.46839997)
278,no,Silobela,29.28056004,-18.97053003,Zimbabwe,POINT (29.28056004 -18.97053003)
279,no,Siwundula,29.96714016,-19.15947,Zimbabwe,POINT (29.96714016 -19.15947)
280,no,Skyline Junction,32.73680988,-19.88480997,Zimbabwe,POINT (32.73680988 -19.88480997)
281,no,Sola,32.35307004,-18.05535999,Zimbabwe,POINT (32.35307004 -18.05535999)
282,no,Somabula,29.66733,-19.69795998,Zimbabwe,POINT (29.66733 -19.69795998)
283,no,St. Alberts,31.30422984,-16.46415,Zimbabwe,POINT (31.30422984 -16.46415)
284,no,Stanley Clinico,27.57691008,-20.00593998,Zimbabwe,POINT (27.57691008 -20.00593998)
285,no,Stanmore,29.02822992,-20.66257998,Zimbabwe,POINT (29.02822992 -20.66257998)
286,no,Stapleford,32.80997016,-18.73924002,Zimbabwe,POINT (32.80997016 -18.73924002)
287,no,Surprise,29.95427016,-19.58495004,Zimbabwe,POINT (29.95427016 -19.58495004)
288,no,Suswe,32.39341992,-17.14716999,Zimbabwe,POINT (32.39341992 -17.14716999)
289,no,Tegwani Mission,27.75629016,-20.39479002,Zimbabwe,POINT (27.75629016 -20.39479002)
290,no,The Range,31.03112988,-19.01364003,Zimbabwe,POINT (31.03112988 -19.01364003)
291,no,Thomson Junction,26.44653996,-18.33820002,Zimbabwe,POINT (26.44653996 -18.33820002)
292,no,Towla,29.88797004,-21.43225998,Zimbabwe,POINT (29.88797004 -21.43225998)
293,no,Trelawney,30.45929004,-17.53559001,Zimbabwe,POINT (30.45929004 -17.53559001)
294,no,Triangle,31.44179016,-21.03166998,Zimbabwe,POINT (31.44179016 -21.03166998)
295,no,Troutbeck,32.81311008,-18.05911002,Zimbabwe,POINT (32.81311007999999 -18.05911002)
296,no,Tshiturapadsi,30.69030996,-22.17506004,Zimbabwe,POINT (30.69030996 -22.17506004)
297,no,Tsholotsho,27.75904992,-19.77713001,Zimbabwe,POINT (27.75904992 -19.77713001)
298,no,Tshotsholo,27.55887012,-18.71926002,Zimbabwe,POINT (27.55887012 -18.71926002)
299,no,Tsungwesi,32.19338016,-18.83970999,Zimbabwe,POINT (32.19338016 -18.83970999)
300,no,Tuli,29.19912012,-21.92168997,Zimbabwe,POINT (29.19912012 -21.92168997)
301,no,Twiza,31.56804,-21.81588003,Zimbabwe,POINT (31.56804 -21.81588003)
302,no,Uitkyk,32.26969008,-18.20251998,Zimbabwe,POINT (32.26969008 -18.20251998)
303,no,Umsweswe,29.81885004,-18.45280998,Zimbabwe,POINT (29.81885004 -18.45280998)
304,no,Vanguard Mine,29.89760004,-20.53141002,Zimbabwe,POINT (29.89760004 -20.53141002)
305,no,Vuti,29.46403008,-16.4772,Zimbabwe,POINT (29.46403008 -16.4772)
306,no,Waddilove,31.39603992,-18.24571998,Zimbabwe,POINT (31.39603992 -18.24571998)
307,no,Warmley,27.91832004,-21.29739003,Zimbabwe,POINT (27.91832004 -21.29739003)
308,no,Watsomba,32.63230008,-18.67725999,Zimbabwe,POINT (32.63230008 -18.67725999)
309,no,Welgetroos,31.05405,-18.42895998,Zimbabwe,POINT (31.05405 -18.42895998)
310,no,West Nicholson,29.36814984,-21.06694998,Zimbabwe,POINT (29.36814984 -21.06694998)
311,no,Westbeach,30.74175,-21.38158998,Zimbabwe,POINT (30.74175 -21.38158998)
312,no,Woodend,29.33750016,-19.55310003,Zimbabwe,POINT (29.33750016 -19.55310003)
313,no,Zaka,31.45573008,-20.34594999,Zimbabwe,POINT (31.45573008 -20.34594999)
314,no,Zamatobgwe,31.39396992,-18.84097998,Zimbabwe,POINT (31.39396992 -18.84097998)
315,no,Zanyika,31.81565988,-17.55059004,Zimbabwe,POINT (31.81565988 -17.55059004)
316,no,Zave,30.03531984,-17.21806002,Zimbabwe,POINT (30.03531984 -17.21806002)
317,no,Zemaiwa,29.24589996,-17.10160002,Zimbabwe,POINT (29.24589996 -17.10160002)
318,no,Zezani,29.49185016,-21.60438003,Zimbabwe,POINT (29.49185016 -21.60438003)
319,no,Zikamanas Village,27.93783996,-18.23154003,Zimbabwe,POINT (27.93783996 -18.23154003)
320,no,Zimbara,29.89857996,-17.65386999,Zimbabwe,POINT (29.89857996 -17.65386999)
321,no,Felixburg,30.89093004,-19.44534996,Zimbabwe,POINT (30.89093004 -19.44534996)
322,no,Mazoe,30.97353996,-17.50754997,Zimbabwe,POINT (30.97353996 -17.50754997)
323,no,Nyanga,32.71979988,-18.09845001,Zimbabwe,POINT (32.71979988 -18.09845001)
324,no,Triangle,31.44179016,-21.03166998,Zimbabwe,POINT (31.44179016 -21.03166998)
325,no,Alexandra Park,31.05,-17.80000002,Zimbabwe,POINT (31.05 -17.80000002)
326,no,Arcadia,31.05,-17.84999997,Zimbabwe,POINT (31.05 -17.84999997)
327,no,Arcadia South,31.06667016,-17.84999997,Zimbabwe,POINT (31.06667016 -17.84999997)
328,no,Arcadia West,31.06667016,-17.86667004,Zimbabwe,POINT (31.06667016 -17.86667004)
329,no,Ardbennie,31.01667012,-17.88333003,Zimbabwe,POINT (31.01667012 -17.88333003)
330,no,Avondale,31.03332984,-17.78333004,Zimbabwe,POINT (31.03332984 -17.78333004)
331,no,Avondale West,31.01667012,-17.78333004,Zimbabwe,POINT (31.01667012 -17.78333004)
332,no,Belgravia,31.05,-17.78333004,Zimbabwe,POINT (31.05 -17.78333004)
333,no,Bellevue,28.55000016,-20.19999996,Zimbabwe,POINT (28.55000016 -20.19999996)
334,no,Belmont,28.56666996,-20.16666999,Zimbabwe,POINT (28.56666996 -20.16666999)
335,no,Belvedere North,31.01667012,-17.81667,Zimbabwe,POINT (31.01667012 -17.81667)
336,no,Belvedere South,31.01667012,-17.83332999,Zimbabwe,POINT (31.01667012 -17.83332999)
337,no,Braeside,31.06667016,-17.84999997,Zimbabwe,POINT (31.06667016 -17.84999997)
338,no,Coronation Park,31.10000004,-17.83332999,Zimbabwe,POINT (31.10000004 -17.83332999)
339,no,Cranborne Park,31.08332988,-17.84999997,Zimbabwe,POINT (31.08332988 -17.84999997)
340,no,Eastlea North,31.06667016,-17.81667,Zimbabwe,POINT (31.06667016 -17.81667)
341,no,Eastlea South,31.08332988,-17.81667,Zimbabwe,POINT (31.08332988 -17.81667)
342,no,Emerald Hill,31.03332984,-17.76666996,Zimbabwe,POINT (31.03332984 -17.76666996)
343,no,Forest Vale,28.53333,-20.11667004,Zimbabwe,POINT (28.53333 -20.11667004)
344,no,Glenville,28.56666996,-20.09999997,Zimbabwe,POINT (28.56666996 -20.09999997)
345,no,Graniteside,31.05,-17.84999997,Zimbabwe,POINT (31.05 -17.84999997)
346,no,Gunhill,31.06667016,-17.78333004,Zimbabwe,POINT (31.06667016 -17.78333004)
347,yes,Harari,31.03332984,-17.86667004,Zimbabwe,POINT (31.03332984 -17.86667004)
348,no,Hatfield,31.08332988,-17.86667004,Zimbabwe,POINT (31.08332988 -17.86667004)
349,no,Hillside,31.08332988,-17.83332999,Zimbabwe,POINT (31.08332988 -17.83332999)
350,no,Kumalo,28.61667,-20.15000001,Zimbabwe,POINT (28.61667 -20.15000001)
351,no,Lobenvale,28.58333004,-20.09999997,Zimbabwe,POINT (28.58333004 -20.09999997)
352,no,Lochinvar,30.98333016,-17.86667004,Zimbabwe,POINT (30.98333016 -17.86667004)
353,no,Matsheumhlope,28.61667,-20.21667003,Zimbabwe,POINT (28.61667 -20.21667003)
354,no,Milton Park,31.03332984,-17.81667,Zimbabwe,POINT (31.03332984 -17.81667)
355,no,Mount Pleasant,31.05,-17.76666996,Zimbabwe,POINT (31.05 -17.76666996)
356,no,Mpopoma,28.53333,-20.15000001,Zimbabwe,POINT (28.53333 -20.15000001)
357,no,Newlands,31.08332988,-17.81667,Zimbabwe,POINT (31.08332988 -17.81667)
358,no,Newmansford,28.59999984,-20.09999997,Zimbabwe,POINT (28.59999984 -20.09999997)
359,no,North Lynne,28.59999984,-20.09999997,Zimbabwe,POINT (28.59999984 -20.09999997)
360,no,North Trenance Estate,28.56666996,-20.08332999,Zimbabwe,POINT (28.56666996 -20.08332999)
361,no,Orange Grove,28.61667,-20.09999997,Zimbabwe,POINT (28.61667 -20.09999997)
362,no,Parktown,31.01667012,-17.90000001,Zimbabwe,POINT (31.01667012 -17.90000001)
363,no,Queensdale,31.08332988,-17.84999997,Zimbabwe,POINT (31.08332988 -17.84999997)
364,no,Queensdale,28.61667,-20.09999997,Zimbabwe,POINT (28.61667 -20.09999997)
365,no,Rhodesville,31.10000004,-17.81667,Zimbabwe,POINT (31.10000004 -17.81667)
366,no,Ridgeview,31.03332984,-17.84999997,Zimbabwe,POINT (31.03332984 -17.84999997)
367,no,Sauers Township,28.59999984,-20.11667004,Zimbabwe,POINT (28.59999984 -20.11667004)
368,no,Sherwood Park,31.01667012,-17.78333004,Zimbabwe,POINT (31.01667012 -17.78333004)
369,no,Southerton,31.01667012,-17.86667004,Zimbabwe,POINT (31.01667012 -17.86667004)
370,no,Strathaven,31.01667012,-17.80000002,Zimbabwe,POINT (31.01667012 -17.80000002)
371,no,The Jungle,28.56666996,-20.09999997,Zimbabwe,POINT (28.56666996 -20.09999997)
372,no,Umganin,28.53333,-20.23333002,Zimbabwe,POINT (28.53333 -20.23333002)
373,no,Umguza,28.58333004,-20.08332999,Zimbabwe,POINT (28.58333004 -20.08332999)
374,no,Upper Glenville,28.55000016,-20.09999997,Zimbabwe,POINT (28.55000016 -20.09999997)
375,no,Wilmington Park,31.08332988,-17.84999997,Zimbabwe,POINT (31.08332988 -17.84999997)
376,no,Windsor Park,28.55000016,-20.09999997,Zimbabwe,POINT (28.55000016 -20.09999997)
377,no,Workington,31.01667012,-17.84999997,Zimbabwe,POINT (31.01667012 -17.84999997)
378,yes,Bulawayo,28.58114988,-20.17217997,Zimbabwe,POINT (28.58114988 -20.17217997)
379,yes,Harare,31.05023004,-17.82334998,Zimbabwe,POINT (31.05023004 -17.82334998)
380,no,Bindura,31.32955008,-17.29919997,Zimbabwe,POINT (31.32955008 -17.29919997)
381,no,Chinhoyi,30.19991004,-17.36208999,Zimbabwe,POINT (30.19991004 -17.36208999)
382,no,Marondera,31.55610996,-18.19252998,Zimbabwe,POINT (31.55610996 -18.19252998)
383,yes,Masvingo,30.82541004,-20.0727,Zimbabwe,POINT (30.82541004 -20.0727)
384,yes,Mutare,32.65668,-18.98035002,Zimbabwe,POINT (32.65667999999999 -18.98035002)
385,yes,Gweru,29.81773008,-19.45132002,Zimbabwe,POINT (29.81773008 -19.45132002)
386,no,Chegutu,30.14534016,-18.13253004,Zimbabwe,POINT (30.14534016 -18.13253004)
387,no,Kadoma,29.90280996,-18.33819003,Zimbabwe,POINT (29.90280996 -18.33819003)
388,no,Kwekwe,29.80315008,-18.92900997,Zimbabwe,POINT (29.80315008 -18.92900997)
389,no,Zvishavane,30.05678988,-20.32460001,Zimbabwe,POINT (30.05678988 -20.32460001)
390,yes,Sango,31.6613429285,-22.0625670109,Zimbabwe,POINT (31.6613429285498 -22.0625670109148)
